{
	"method_name": "mac_cormack+zhmakin_fursenko",
	"bounds": {
    "x_left": -0.8,
    "x_right": 0.5,
    "y_bottom": 0.0,
    "y_top": 1.0
  },

  "coord_type": "axis_symm",

  "output_folder": "D:/gas_dyn/trash_can/folder/",

  "bubble_near_wall": {
  	"on": true,
  	
  	"x0": 0.06411010564593267,
  	"y0": 0.0,
  	"a": 0.4472135954999579,
  	"b_div_by_a": 1.25,
  	"omega": 4.5,
  	"mach": 3.0,
  	"gap_btw_sw_and_bound": 0.1,
  	"rho_around_bubble": 1.0,
  	"p_around_bubble": 1.0,
  	"u_around_bubble": 0.0,
  	"v_around_bubble": 0.0

  },

  "add_quad_with_specific_parameters": {
    "on": false,

    "quad_x0": 0.3307,
    "quad_y0": 0.0,
    "quad_width": 0.5,
    "quad_height": 0.125,
    "quad_rho": 4.5,
    "quad_p": 1.0,
    "quad_u": 0.0,
    "quad_v": 0.0
  },

  "quadrants": {
  	"on": false,
  	
  	"rho_up_left": 2.0,
  	"p_up_left": 1.0,
  	"u_up_left": 0.0,
  	"v_up_left": -0.3,

  	"rho_up_right": 1.0,
  	"p_up_right": 1.0,
  	"u_up_right": 0.0,
  	"v_up_right": -0.4,

  	"rho_down_left": 1.0625,
  	"p_down_left": 0.4,
  	"u_down_left": 0.0,
  	"v_down_left": 0.2145,

		"rho_down_right": 0.5197,
  	"p_down_right": 0.4,
  	"u_down_right": 0.0,
  	"v_down_right": -1.12  	
  },

 	"horizontal_flow": {
 		"on": false,
 		"rho_left": 1.0,
    "rho_right": 0.125,
    "p_left": 1.0,
    "p_right": 0.1,
    "u_left": 0.0,
    "u_right": 0.0,
    "v_left": 0.0,
    "v_right": 0.0
 	},

  "vertical_flow": {
  	"on": false,
  	"rho_up": 1.0,
    "rho_down": 0.125,
    "p_up": 1.0,
    "p_down": 0.1,
    "u_up": 0.0,
    "u_down": 0.0,
    "v_up": 0.0,
    "v_down": 0.0
  },

  "shock_wave": {
  	"on": false,
  	"mach": 3.0
  },

  "horizontal_left_contact_disc": {
  	"on": false,
  	"omega": 0.3
  },
  
  "gamma": 1.4,

  "size_x": 195,
  "size_y": 150,

  "t_end": 0.6,
  "time_step": 0.01,
  "times_when_to_write_data": [0.1, 0.2, 0.3, 0.4, 0.41, 0.415, 0.42, 0.425, 0.43, 0.435, 0.44, 0.445, 0.45, 0.451, 0.452, 0.453, 0.454, 0.455, 0.456, 0.457, 0.458, 0.459, 0.46, 0.461, 0.462, 0.463, 0.464, 0.465, 0.466, 0.467, 0.468, 0.469, 0.47, 0.471, 0.472, 0.473, 0.474, 0.475, 0.476, 0.477, 0.478, 0.479, 0.48, 0.481, 0.482, 0.483, 0.484, 0.485, 0.486, 0.487, 0.488, 0.489, 0.49, 0.491, 0.492, 0.493, 0.494, 0.495, 0.496, 0.497, 0.498, 0.499, 0.5, 0.501, 0.502, 0.503, 0.504, 0.505, 0.506, 0.507, 0.508, 0.509, 0.51, 0.52, 0.53, 0.54, 0.55, 0.56, 0.57, 0.58, 0.59],
  "courant_number": 0.6
}