{
  "first_half_of_grid": {
    "deviation": {
      "p": 0.3239753483761879,
      "rho": 0.28184959556276834,
      "u": 0.8287942655498161
    },
    "euclid": {
      "p": 22.90851657740766,
      "rho": 19.929776029711935,
      "u": 58.604604537879915
    },
    "integral": {
      "p": 0.10023169674323616,
      "rho": 0.08474604094514103,
      "u": 0.3837912283306051
    },
    "uniform": {
      "p": 0.6968698230344821,
      "rho": 0.70874530287126,
      "u": 1.0000000000000255
    }
  },
  "whole_grid": {
    "deviation": {
      "p": 0.5863339232404196,
      "rho": 0.9006386914851281,
      "u": 0.7034164424818655
    },
    "euclid": {
      "p": 58.63339232404195,
      "rho": 90.06386914851281,
      "u": 70.34164424818655
    },
    "integral": {
      "p": 0.479034569716764,
      "rho": 0.6877835707369511,
      "u": 0.5587190841093198
    },
    "uniform": {
      "p": 0.9000000000000198,
      "rho": 1.7344262887132345,
      "u": 1.0000000000000424
    }
  }
}
