{
  "first_half_of_grid": {
    "deviation": {
      "p": 5.571063295259639e-17,
      "rho": 4.934688446907374e-17,
      "u": 6.429332114114265e-17
    },
    "euclid": {
      "p": 1.2457276235154533e-14,
      "rho": 1.103429881506775e-14,
      "u": 1.4376423657081935e-14
    },
    "integral": {
      "p": 1.0458300891968976e-18,
      "rho": 8.770761894538738e-19,
      "u": 1.1590728377086636e-18
    },
    "uniform": {
      "p": 4.440892098500626e-15,
      "rho": 2.7755575615628914e-15,
      "u": 3.3306690738754696e-15
    }
  },
  "whole_grid": {
    "deviation": {
      "p": 0.013025523496227863,
      "rho": 0.005631207680827973,
      "u": 0.015372860115817406
    },
    "euclid": {
      "p": 4.11903219641197,
      "rho": 1.7807442248850889,
      "u": 4.861325211714287
    },
    "integral": {
      "p": 0.0002927686769533329,
      "rho": 0.00017810800277623875,
      "u": 0.00033193331383444755
    },
    "uniform": {
      "p": 0.7985094010443263,
      "rho": 0.3690863426347253,
      "u": 2.0231588585306466
    }
  }
}
